[{"first_author":"Inka Regine Weingaertner","title":"Chronic Morphine Treatment Attenuates Cell Growth of Human BT474 Breast Cancer Cells by Rearrangement of the ErbB Signalling Network","year":2013,"month":"January","top_topics":["receptor tyrosine kinase","erbb3","neuregulin 1"]},{"first_author":"Jessica M. Esparza","title":"Katanin Localization Requires Triplet Microtubules in Chlamydomonas reinhardtii","year":2013,"month":"January","top_topics":["hydrogenase","chemistry","chlamydomonas reinhardtii"]},{"first_author":"Sreedevi Avasarala","title":"Curcumin Modulates the Inflammatory Response and Inhibits Subsequent Fibrosis in a Mouse Model of Viral- induced Acute Respiratory Distress Syndrome","year":2013,"month":"February","top_topics":["lung cancer","cell biology","cancer research"]},{"first_author":"Rounak Nassirpour","title":"miR-221 Promotes Tumorigenesis in Human Triple Negative Breast Cancer Cells","year":2013,"month":"April","top_topics":["medicine","cancer","pathology"]},{"first_author":"Jianuo Liu","title":"HIV-1 Tat Protein Increases Microglial Outward K+ Current and Resultant Neurotoxic Activity","year":2013,"month":"May","top_topics":["microglia","immunology","immune system"]},{"first_author":"Yang Wang","title":"Elevated Maspin Expression Is Associated with Better Overall Survival in Esophageal Squamous Cell Carcinoma (ESCC)","year":2013,"month":"May","top_topics":["geology","geophysics","paleontology"]},{"first_author":"Elizabeth Ngoc Hoa Tran","title":"LPS Unmasking of Shigella flexneri Reveals Preferential Localisation of Tagged Outer Membrane Protease IcsP to Septa and New Poles","year":2013,"month":"July","top_topics":["shigella flexneri","microbiology","virulence"]},{"first_author":"Fabio Sallustio","title":"miR-1915 and miR-1225-5p Regulate the Expression of CD133, PAX2 and TLR2 in Adult Renal Progenitor Cells","year":2013,"month":"July","top_topics":["medicine","immunology","progenitor cell"]},{"first_author":"Jia Ma","title":"Mitochondrial Dysfunction Promotes Breast Cancer Cell Migration and Invasion through HIF1a Accumulation via Increased Production of Reactive Oxygen Species","year":2013,"month":"July","top_topics":["cell growth","pancreatic cancer","microrna"]},{"first_author":"Yael Friedman-Levi","title":"PrPST, a Soluble, Protease Resistant and Truncated PrP Form Features in the Pathogenesis of a Genetic Prion Disease","year":2013,"month":"July","top_topics":["virology","disease","pathogenesis"]},{"first_author":"Yan Zhang","title":"Baicalein Selectively Induces Apoptosis in Activated Lymphocytes and Ameliorates Concanavalin A-Induced Hepatitis in Mice","year":2013,"month":"July","top_topics":["apoptosis","immunology","medicine"]},{"first_author":"Zhongpu Chen","title":"Epigenetic Regulation of Cardiac Progenitor Cells Marker c-kit by Stromal Cell Derived Factor-1a","year":2013,"month":"July","top_topics":["molecular biology","dna methylation","cell growth"]},{"first_author":"Akrem Abdulsid","title":"Heat Shock Protein 27 Is Spatially Distributed in the Human Placenta and Decreased during Labor","year":2013,"month":"August","top_topics":["placenta","immunology","heat shock protein"]},{"first_author":"Fang Liu","title":"DUSP1 Is a Novel Target for Enhancing Pancreatic Cancer Cell Sensitivity to Gemcitabine","year":2014,"month":"January","top_topics":["cancer","downregulation and upregulation","kinase"]},{"first_author":"Jagannath Misra","title":"Orphan Nuclear Receptor Errc Induces C-Reactive Protein Gene Expression through Induction of ER-Bound Bzip Transmembrane Transcription Factor CREBH","year":2014,"month":"January","top_topics":["molecular biology","transcription factor","nuclear receptor"]},{"first_author":"Trent Fowler","title":"Regulation of MYC Expression and Differential JQ1 Sensitivity in Cancer Cells","year":2014,"month":"January","top_topics":["regulation of gene expression","molecular biology","transcription factor"]},{"first_author":"Mojca Jez","title":"Expression and Differentiation between OCT4A and Its Pseudogenes in Human ESCs and Differentiated Adult Somatic Cells","year":2014,"month":"February","top_topics":["gene","induced pluripotent stem cell","cellular differentiation"]},{"first_author":"Zhenni Zhang","title":"Baicalein Reduces the Invasion of Glioma Cells via Reducing the Activity of p38 Signaling Pathway","year":2014,"month":"February","top_topics":["apoptosis","downregulation and upregulation","medicine"]},{"first_author":"Christophe Broca","title":"Proteasome Dysfunction Mediates High Glucose-Induced Apoptosis in Rodent Beta Cells and Human Islets","year":2014,"month":"March","top_topics":["caspase 3","unfolded protein response","apoptosis"]},{"first_author":"Sylwia Flis","title":"DNA Methyltransferase Inhibitors Improve the Effect of Chemotherapeutic Agents in SW48 and HT-29 Colorectal Cancer Cells","year":2014,"month":"March","top_topics":["cancer","cancer research","dna methylation"]},{"first_author":"Takaharu Nakayoshi","title":"FOXO4-Knockdown Suppresses Oxidative Stress-Induced Apoptosis of Early Pro-Angiogenic Cells and Augments Their Neovascularization Capacities in Ischemic Limbs","year":2014,"month":"March","top_topics":["medicine","internal medicine","cardiology"]},{"first_author":"Yuri Churin","title":"Pathological Impact of Hepatitis B Virus Surface Proteins on the Liver Is Associated with the Host Genetic Background","year":2014,"month":"March","top_topics":["medicine","immunology","hepatitis b virus"]},{"first_author":"Chuan Li","title":"Ectopic Expression of a Maize Hybrid Down-Regulated Gene ZmARF25 Decreases Organ Size by Affecting Cellular Proliferation in Arabidopsis","year":2014,"month":"April","top_topics":["heterosis","gene expression","arabidopsis"]},{"first_author":"Gail Doughton","title":"Formation of a Polarised Primitive Endoderm Layer in Embryoid Bodies Requires Fgfr/ Erk Signalling","year":2014,"month":"April","top_topics":["embryoid body","cell biology","molecular biology"]},{"first_author":"Liliana O. Rocha","title":"Multi-Method Approach for Characterizing the Interaction between Fusarium verticillioides and Bacillus thuringiensis Subsp. Kurstaki","year":2014,"month":"April","top_topics":["fusarium","mycotoxin","botany"]},{"first_author":"Prabuddha Dey","title":"Functional Characterization of Two Structurally Novel Diacylglycerol Acyltransferase2 Isozymes Responsible for the Enhanced Production of Stearate-Rich Storage Lipid in Candida tropicalis SY005","year":2014,"month":"April","top_topics":["biochemistry","yeast","phosphorylation"]},{"first_author":"Xiaomei Ge","title":"Stac3 Inhibits Myoblast Differentiation into Myotubes","year":2014,"month":"April","top_topics":["molecular biology","skeletal muscle","myocyte"]},{"first_author":"Xudong Shi","title":"TGF-b/Smad3 Stimulates Stem Cell/Developmental Gene Expression and Vascular Smooth Muscle Cell De-Differentiation","year":2014,"month":"April","top_topics":["intimal hyperplasia","restenosis","neointima"]},{"first_author":"Yushen Jiang","title":"Cell Atavistic Transition: Paired Box 2 Re-Expression Occurs in Mature Tubular Epithelial Cells during Acute Kidney Injury and Is Regulated by Angiotensin II","year":2014,"month":"April","top_topics":["pathology","embryonic stem cell","mesenchymal stem cell"]},{"first_author":"Ambrish Kumar","title":"Sparstolonin B, a Novel Plant Derived Compound, Arrests Cell Cycle and Induces Apoptosis in N-Myc Amplified and N-Myc Nonamplified Neuroblastoma Cells","year":2014,"month":"May","top_topics":["apoptosis","internal medicine","endocrinology"]},{"first_author":"Bo Gao","title":"Dose-Dependent Effect of Estrogen Suppresses the Osteo-Adipogenic Transdifferentiation of Osteoblasts via Canonical Wnt Signaling Pathway","year":2014,"month":"June","top_topics":["medicine","ovarian cancer","internal medicine"]},{"first_author":"Yang Liu","title":"Carbon Ion Radiation Inhibits Glioma and Endothelial Cell Migration Induced by Secreted VEGF","year":2014,"month":"June","top_topics":["chemistry","materials science","inorganic chemistry"]},{"first_author":"Manasa K. Nayak","title":"Aspirin Delimits Platelet Life Span by Proteasomal Inhibition","year":2014,"month":"August","top_topics":["platelet","medicine","biochemistry"]},{"first_author":"Wasia Rizwani","title":"S137 Phosphorylation of Profilin 1 Is an Important Signaling Event in Breast Cancer Progression","year":2014,"month":"August","top_topics":["cancer research","nicotinic agonist","medicine"]},{"first_author":"Shiuan Wang","title":"The Retromer Complex Is Required for Rhodopsin Recycling and Its Loss Leads to Photoreceptor Degeneration","year":2014,"month":"April","top_topics":["retromer complex","endosome","retromer"]},{"first_author":"Apiruck Watthanasurorot","title":"Astakine 2Ñthe Dark Knight Linking Melatonin to Circadian Regulation in Crustaceans","year":2013,"month":"March","top_topics":["virology","viral replication","white spot syndrome"]},{"first_author":"Dawn E. Watkins-Chow","title":"Mutation of the Diamond-Blackfan Anemia Gene Rps7 in Mouse Results in Morphological and Neuroanatomical Phenotypes","year":2013,"month":"January","top_topics":["genetics","molecular biology","gene"]},{"first_author":"Erica P. Homan","title":"Differential Effects of Collagen Prolyl 3-Hydroxylation on Skeletal Tissues","year":2014,"month":"January","top_topics":["osteogenesis imperfecta","dominance (genetics)","genetics"]},{"first_author":"Natalia Lopez-del Hoyo","title":"Functional EF-Hands in Neuronal Calcium Sensor GCAP2 Determine Its Phosphorylation State and Subcellular Distribution In Vivo and Are Essential for Photoreceptor Cell Integrity","year":2014,"month":"July","top_topics":["retina","retinal degeneration","cell biology"]},{"first_author":"Cathleen D. Valentine","title":"X-Box Binding Protein 1 (XBP1s) Is a Critical Determinant of Pseudomonas aeruginosa Homoserine Lactone-Mediated Apoptosis","year":2013,"month":"August","top_topics":["molecular biology","cell biology","estrogen receptor"]},{"first_author":"Shipan Dai","title":"Fine Tuning Inflammation at the Front Door: Macrophage Complement Receptor 3-mediates Phagocytosis and Immune Suppression for Francisella tularensis","year":2013,"month":"January","top_topics":["francisella tularensis","microbiology","tlr2"]},{"first_author":"Vicente Ram’rez","title":"An Extracellular Subtilase Switch for Immune Priming in Arabidopsis","year":2013,"month":"June","top_topics":["art","humanities","curandero"]},{"first_author":"Haitao Wei","title":"Suppression of Interferon Lambda Signaling by SOCS-1 Results in Their Excessive Production during Influenza Virus Infection","year":2014,"month":"January","top_topics":["lung cancer","cisplatin","cancer research"]},{"first_author":"Meleri Jones","title":"RNA-seq Analysis of Host and Viral Gene Expression Highlights Interaction between Varicella Zoster Virus and Keratinocyte Differentiation","year":2014,"month":"January","top_topics":["virology","immunology","virus"]},{"first_author":"Miti Jearaphunt","title":"Caspase-1-Like Regulation of the proPO-System and Role of ppA and Caspase-1-Like Cleaved Peptides from proPO in Innate Immunity","year":2014,"month":"April","top_topics":["innate immune system","caspase 1","proteases"]},{"first_author":"Niyas Kudukkil Pulloor","title":"Human Genome-Wide RNAi Screen Identifies an Essential Role for Inositol Pyrophosphates in Type-I Interferon Response","year":2014,"month":"February","top_topics":["cell biology","interferon","inositol"]},{"first_author":"Verity G. Kew","title":"Mitogen and Stress Activated Kinases Act Co-operatively with CREB during the Induction of Human Cytomegalovirus Immediate-Early Gene Expression from Latency","year":2014,"month":"June","top_topics":["human cytomegalovirus","immunology","medicine"]},{"first_author":"Michelle Khai Khun Yap","title":"Pharmacokinetics of Naja sumatrana (Equatorial Spitting Cobra) Venom and Its Major Toxins in Experimentally Envenomed Rabbits","year":2014,"month":"June","top_topics":["venom","pharmacology","antivenom"]},{"first_author":"Jianming Chen","title":"Epsilon-Toxin Production by Clostridium perfringens Type D Strain CN3718 Is Dependent upon the agr Operon but Not the VirS/VirR Two-Component Regulatory System","year":2011,"top_topics":["clostridium perfringens","microbiology","mutant"]},{"first_author":"Doblin Sandai","title":"The Evolutionary Rewiring of Ubiquitination Targets Has Reprogrammed the Regulation of Carbon Assimilation in the Pathogenic Yeast Candida albicans","year":2012,"top_topics":["microbiology","candida albicans","corpus albicans"]},{"first_author":"Anusha M. Gopalakrishnan","title":"Opposing Roles for Two Molecular Forms of Replication Protein A in Rad51-Rad54-Mediated DNA Recombination in Plasmodium falciparum","year":2013,"top_topics":["plasmodium falciparum","genetics","dna damage"]},{"first_author":"Christopher W. Cutler","title":"Hemin-Induced Modifications of the Antigenicity and Hemin-Binding Capacity of Porphyromonas gingivalis Lipopolysaccharide","year":1996,"month":"June","top_topics":["immunology","medicine","in vivo"]},{"first_author":"Brenda A. Wilson","title":"Localization of the Intracellular Activity Domain of Pasteurella multocida Toxin to the N Terminus","year":1999,"month":"Jan","top_topics":["microbiome","microbiology","ecology"]},{"first_author":"S. Jeyaseelan","title":"Lymphocyte Function-Associated Antigen 1 Is a Receptor for Pasteurella haemolytica Leukotoxin in Bovine Leukocytes","year":2000,"month":"Jan","top_topics":["microbiology","molecular biology","immunology"]},{"first_author":"S. Jeyaseelan","title":"Mannheimia haemolytica Leukotoxin Activates a Nonreceptor Tyrosine Kinase Signaling Cascade in Bovine Leukocytes, Which Induces Biological Effects","year":2001,"month":"Oct","top_topics":["microbiology","molecular biology","immunology"]},{"first_author":"Nobuo Okahashi","title":"Infection by Streptococcus pyogenes Induces the Receptor Activator of NF-__B Ligand Expression in Mouse Osteoblastic Cells","year":2003,"month":"Feb","top_topics":["microbiology","immunology","molecular biology"]},{"first_author":"Stephanie Dahan","title":"Saccharomyces boulardii Interferes with Enterohemorrhagic Escherichia coli-Induced Signaling Pathways in T84 Cells","year":2003,"month":"Feb","top_topics":["immunology","molecular biology","signal transduction"]},{"first_author":"Laura W. Schrum","title":"Functional CD40 Expression Induced following Bacterial Infection of Mouse and Human Osteoblast","year":2003,"month":"Mar","top_topics":["molecular biology","hepatic stellate cell","biochemistry"]},{"first_author":"Sen Rong Yan","title":"Role of MyD88 in Diminished Tumor Necrosis Factor Alpha Production by Newborn Mononuclear Cells in Response to Lipopolysaccharide","year":2004,"month":"Mar","top_topics":["tyrosine phosphorylation","cell biology","molecular biology"]},{"first_author":"Peter L. W. Yun","title":"Functional Implication of the Hydrolysis of Platelet Endothelial Cell Adhesion Molecule 1 (CD31) by Gingipains of Porphyromonas gingivalis for the Pathology of Periodontal Disease","year":2005,"month":"Mar","top_topics":["porphyromonas gingivalis","bacterial adhesin","gingipain"]},{"first_author":"Samithamby Jeyaseelan","title":"Distinct Roles of Pattern Recognition Receptors CD14 and Toll-Like Receptor 4 in Acute Lung Injury","year":2005,"month":"Mar","top_topics":["immunology","medicine","chemokine"]},{"first_author":"Ellen J. Beswick","title":"The Helicobacter pylori Urease B Subunit Binds to CD74 on Gastric Epithelial Cells and Induces NF-__B Activation and Interleukin-8 Production","year":2006,"month":"Feb","top_topics":["immunology","helicobacter pylori","t cell"]},{"first_author":"Catherine J. Hunter","title":"Lactobacillus bulgaricus Prevents Intestinal Epithelial Cell Injury Caused by Enterobacter sakazakii-Induced Nitric Oxide both In Vitro and in the Newborn Rat Model of Necrotizing Enterocolitis__","year":2009,"month":"Mar","top_topics":["medicine","surgery","necrotizing enterocolitis"]},{"first_author":"Suleyman Felek","title":"The Yersinia pestis Ail Protein Mediates Binding and Yop Delivery to Host Cells Required for Plague Virulence__","year":2009,"month":"Feb","top_topics":["microbiology","yersinia pestis","mutant"]},{"first_author":"Paola Massari","title":"Meningococcal Porin PorB Prevents Cellular Apoptosis in a Toll-Like Receptor 2- and NF-__B-Independent Manner__","year":2010,"month":"Mar","top_topics":["immunology","immune system","tlr2"]},{"first_author":"Min-Hee Cho","title":"Bacillus anthracis Capsule Activates Caspase-1 and Induces Interleukin-1__ Release from differentiated THP-1 and Human Monocyte-Derived Dendritic Cells__","year":2010,"month":"Mar","top_topics":["bacillus anthracis","microbiology","immune system"]},{"first_author":"Yuan Du","title":"Nasal Immunization with a Fusion Protein Consisting of the Hemagglutinin A Antigenic Region and the Maltose-Binding Protein Elicits CD11c__ CD8__ Dendritic Cells for Induced Long-Term Protective Immunity__","year":2011,"month":"Feb","top_topics":["immunology","inflammation","aggregatibacter actinomycetemcomitans"]},{"first_author":"Eva Hervet","title":"Protein Kinase LegK2 Is a Type IV Secretion System Effector Involved in Endoplasmic Reticulum Recruitment and Intracellular Replication of Legionella pneumophila__","year":2011,"month":"May","top_topics":["phagosome","cell biology","endoplasmic reticulum"]},{"first_author":"Asim A. Siddiqui","title":"Fine Specificity of Plasmodium vivax Duffy Binding Protein Binding Engagement of the Duffy Antigen on Human Erythrocytes","year":2012,"top_topics":["antigen","virology","plasmodium vivax"]},{"first_author":"Balamayooran Theivanthiran","title":"NOD2 Signaling Contributes to Host Defense in the Lungs against Escherichia coli Infection","year":2012,"top_topics":["microbiology","escherichia coli infection","nod2"]},{"first_author":"Javier Santander","title":"Fur-Regulated Iron Uptake System of Edwardsiella ictaluri and Its Influence on Pathogenesis and Immunogenicity in the Catfish Host","year":2012,"top_topics":["microbiology","virology","virulence"]},{"first_author":"Kaitlyn Morse","title":"Association and Evidence for Linked Recognition of Type IV Secretion System Proteins VirB9-1, VirB9-2 and VirB10 in Anaplasma marginale","year":2012,"top_topics":["virology","immunogenicity","anaplasma marginale"]},{"first_author":"Wael Abdel Halim Hegazy","title":"Evaluation of Salmonella enterica Type III Secretion System Effector Proteins as Carriers for Heterologous Vaccine Antigens","year":2012,"top_topics":["immunology","antigen","type three secretion system"]},{"first_author":"Yun Sun","title":"Edwardsiella tarda Eta1, an In Vivo-Induced Antigen That Is Involved in Host Infection","year":2012,"top_topics":["photon upconversion","luminescence","nanotechnology"]},{"first_author":"Carlos J. Blondel","title":"The Type VI Secretion System Encoded in Salmonella Pathogenicity Island 19 Is Required for Salmonella enterica Serotype Gallinarum Survival within Infected Macrophages","year":2013,"top_topics":["genetics","microbiology","virology"]},{"first_author":"Kelei Zhao","title":"Pseudomonas aeruginosa Outer Membrane Vesicles Modulate Host Immune Responses by Targeting the Toll-Like Receptor 4 Signaling Pathway","year":2013,"top_topics":["bacterial outer membrane","virology","toll-like receptor"]},{"first_author":"Whitney M. Amyot","title":"Poison Domains Block Transit of Translocated Substrates via the Legionella pneumophila Icm/Dot System","year":2013,"top_topics":["legionella pneumophila","chromosomal translocation","transport protein"]},{"first_author":"Xianqiong Zou","title":"Augmentation of Epithelial Resistance to Invading Bacteria by Using mRNA Transfections","year":2013,"top_topics":["messenger rna","virology","molecular biology"]},{"first_author":"Xiucai Xu","title":"Reactive Oxygen Species-Triggered Trophoblast Apoptosis Is Initiated by Endoplasmic Reticulum Stress via Activation of Caspase-12, CHOP and the JNK Pathway in Toxoplasma gondii Infection in Mice","year":2013,"top_topics":["toxoplasma gondii","immunology","virology"]},{"first_author":"Jiale Ma","title":"Two Functional Type VI Secretion Systems in Avian Pathogenic Escherichia coli Are Involved in Different Pathogenic Pathways","year":2014,"month":"September","top_topics":["virology","microbiology","streptococcus suis"]},{"first_author":"N. Zhi","title":"Cloning and Expression of the 44-Kilodalton Major Outer Membrane Protein Gene of the Human Granulocytic Ehrlichiosis Agent and Application of the Recombinant Protein to Serodiagnosis","year":1998,"top_topics":["virology","ehrlichia chaffeensis","ehrlichia"]},{"first_author":"Michael Waters","title":"Genotyping and Phenotyping of Beta2-Toxigenic Clostridium perfringens Fecal Isolates Associated with Gastrointestinal Diseases in Piglets","year":2003,"top_topics":["clostridium perfringens","microbiology","plasmid"]},{"first_author":"Sou-Ichi Makino","title":"Distribution of the Secondary Type III Secretion System Locus Found in Enterohemorrhagic Escherichia coli O157:H7 Isolates among Shiga Toxin-Producing E. coli Strains","year":2003,"top_topics":["microbiology","molecular biology","plasmid"]},{"first_author":"Chung-ming Chu","title":"Association of Presence of Aspergillus Antibodies with Hemoptysis in Patients with Old Tuberculosis or Bronchiectasis but No Radiologically Visible Mycetoma","year":2004,"top_topics":["medicine","coronavirus","immunology"]},{"first_author":"Patrick C. Y. Woo","title":"False-Positive Results in a Recombinant Severe Acute Respiratory Syndrome-Associated Coronavirus (SARS-CoV) Nucleocapsid Enzyme-Linked Immunosorbent Assay Due to HCoV-OC43 and HCoV-229E Rectified by Western Blotting with Recombinant SARS-CoV Spike Polypeptide","year":2004,"top_topics":["virology","microbiology","coronavirus"]},{"first_author":"Wulamu Mamuti","title":"Molecular Cloning, Expression and Serological Evaluation of an 8-Kilodalton Subunit of Antigen B from Echinococcus multilocularis","year":2004,"top_topics":["echinococcus granulosus","virology","echinococcus multilocularis"]},{"first_author":"Jean-Philippe Lavigne","title":"First Infection with VanD-Type Glycopeptide-Resistant Enterococcus faecium in Europe","year":2005,"top_topics":["microbiology","medicine","virulence"]},{"first_author":"Michael Waters","title":"Regulated Expression of the Beta2-Toxin Gene ( cpb2) in Clostridium perfringens Type A Isolates from Horses with Gastrointestinal Diseases","year":2005,"top_topics":["clostridium perfringens","microbiology","plasmid"]},{"first_author":"Ana Mena","title":"Characterization of a Large Outbreak by CTX-M-1-Producing Klebsiella pneumoniae and Mechanisms Leading to In Vivo Carbapenem Resistance Development","year":2006,"top_topics":["microbiology","pseudomonas aeruginosa","virology"]},{"first_author":"Henry E. Cerny","title":"Effects of Moraxella (Branhamella) ovis Culture Filtrates on Bovine Erythrocytes, Peripheral Mononuclear Cells and Corneal Epithelial Cells","year":2006,"top_topics":["peripheral blood mononuclear cell","virology","moraxella"]},{"first_author":"Suharni Mohamad","title":"Development and Evaluation of a Sensitive and Specific Assay for Diagnosis of Human Toxocariasis by Use of Three Recombinant Antigens (TES-26, TES-30USM and TES-120)","year":2009,"top_topics":["virology","antibody","antigen"]},{"first_author":"Adis Tasanarong","title":"Dual Inhibiting Senescence and Epithelial-to-Mesenchymal Transition by Erythropoietin Preserve Tubular Epithelial Cell Regeneration and Ameliorate Renal Fibrosis in Unilateral Ureteral Obstruction","year":2013,"top_topics":["medicine","diabetes mellitus","internal medicine"]},{"first_author":"Anahita Rahmani","title":"Neurogenesis and Increase in Differentiated Neural Cell Survival via Phosphorylation of Akt1 after Fluoxetine Treatment of Stem Cells","year":2013,"top_topics":["neurogenesis","phosphorylation","akt1"]},{"first_author":"Gurbet Celik","title":"A Comparative Study for the Evaluation of Two Doses of Ellagic Acid on Hepatic Drug Metabolizing and Antioxidant Enzymes in the Rat","year":2013,"top_topics":["biochemistry","antioxidant","glutathione peroxidase"]},{"first_author":"Young-Man Lee","title":"Involvement of Nrf2-Mediated Upregulation of Heme Oxygenase-1 in Mollugin-Induced Growth Inhibition and Apoptosis in Human Oral Cancer Cells","year":2013,"top_topics":["p38 mitogen-activated protein kinases","molecular biology","immunology"]},{"first_author":"Chih-Zen Chang","title":"Magnesium Lithospermate B, an Active Extract of Salvia miltiorrhiza, Mediates sGC/cGMP/PKG Translocation in Experimental Vasospasm","year":2014,"top_topics":["medicine","vasospasm","cerebral vasospasm"]},{"first_author":"Jaeson Santos Calla-Choque","title":"__-Actinin TvACTN3 of Trichomonas vaginalis Is an RNA-Binding Protein That Could Participate in Its Posttranscriptional Iron Regulatory Mechanism","year":2014,"top_topics":["gene","northwestern blot","molecular biology"]},{"first_author":"Li Han","title":"Downregulation of MDR1 Gene by Cepharanthine Hydrochloride Is Related to the Activation of c-Jun/JNK in K562/ADR Cells","year":2014,"top_topics":["medicine","western blot","alpha-2 adrenergic receptor"]},{"first_author":"Silvana Lorena Della Penna","title":"Renal Overexpression of Atrial Natriuretic Peptide and Hypoxia Inducible Factor-1__ as Adaptive Response to a High Salt Diet","year":2014,"top_topics":["internal medicine","endocrinology","kidney"]},{"first_author":"Mao-Lin Ho","title":"Antimetastatic Potentials of Dioscorea nipponica on Melanoma In Vitro and In Vivo","year":2011,"top_topics":["biochemistry","in vitro","in vivo"]},{"first_author":"Chao-Bin Yeh","title":"Terminalia catappa Exerts Antimetastatic Effects on Hepatocellular Carcinoma through Transcriptional Inhibition of Matrix Metalloproteinase-9 by Modulating NF-_B and AP-1 Activity","year":2012,"top_topics":["medicine","hepatocellular carcinoma","cancer research"]},{"first_author":"Ying-Yi Chen","title":"Ethanol Extracts of Fruiting Bodies of Antrodia cinnamomea Suppress CL1-5 Human Lung Adenocarcinoma Cells Migration by Inhibiting Matrix Metalloproteinase-2/9 through ERK, JNK, p38 and PI3K/Akt Signaling Pathways","year":2012,"top_topics":["biochemistry","protein kinase b","pi3k/akt/mtor pathway"]},{"first_author":"Chih-Yu Peng","title":"Caffeic Acid Phenethyl Ester Inhibits Oral Cancer Cell Metastasis by Regulating Matrix Metalloproteinase-2 and the Mitogen-Activated Protein Kinase Pathway","year":2012,"top_topics":["matrix metalloproteinase","biochemistry","cancer cell"]},{"first_author":"Chiung-Chyi Shen","title":"Low-Level Laser Stimulation on Adipose-Tissue-Derived Stem Cell Treatments for Focal Cerebral Ischemia in Rats","year":2013,"top_topics":["sciatic nerve","medicine","stimulation"]},{"first_author":"Li Li","title":"Decursin Isolated from Angelica gigas Nakai Rescues PC12 Cells from Amyloid __-Protein-Induced Neurotoxicity through Nrf2-Mediated Upregulation of Heme Oxygenase-1: Potential Roles of MAPK","year":2013,"top_topics":["biochemistry","oxidative stress","antioxidant"]},{"first_author":"Nabilatul Hani Mohd-Radzman","title":"Stevioside from Stevia rebaudiana Bertoni Increases Insulin Sensitivity in 3T3-L1 Adipocytes","year":2013,"top_topics":["stevia rebaudiana","medicine","3t3-l1"]},{"first_author":"Zhiqiang Wang","title":"Yangjing Capsule Extract Promotes Proliferation of GC-1 Spg Cells","year":2014,"top_topics":["biochemistry","medicine","molecular biology"]},{"first_author":"Ya-min Zhang","title":"Electroacupuncture Treatment Improves Neurological Function Associated with Regulation of Tight Junction Proteins in Rats with Cerebral Ischemia Reperfusion Injury","year":2014,"top_topics":["pharmacology","medicine","electroacupuncture"]},{"first_author":"Lilian Amrein","title":"The phosphatidylinositol-3 kinase I inhibitor BKM120 induces cell death in B-chronic lymphocytic leukemia cells in vitro","year":2013,"top_topics":["internal medicine","endocrinology","insulin"]},{"first_author":"Gong Yang","title":"RAS promotes tumorigenesis through genomic instability induced by imbalanced expression of Aurora-A and BRCA2 in midbody during cytokinesis","year":2013,"top_topics":["ovarian cancer","cancer","cancer research"]},{"first_author":"Sujit K. Bhutia","title":"Targeting breast cancer-initiating/stem cells with melanoma differentiation-associated gene-7/interleukin-24","year":2013,"top_topics":["autophagy","cell biology","programmed cell death"]},{"first_author":"Upal K. Basu Roy","title":"Caveolin-1 is a novel regulator of K-RAS-dependent migration in colon carcinogenesis","year":2013,"top_topics":["cancer research","cell biology","protein kinase b"]},{"first_author":"Teresa Lorenzi","title":"HtrA1 in human urothelial bladder cancer: A secreted protein and a potential novel biomarker","year":2013,"top_topics":["internal medicine","endocrinology","medicine"]},{"first_author":"Jing Huang","title":"Tiam1 is associated with hepatocellular carcinoma metastasis","year":2013,"top_topics":["nanoparticle","iron oxide nanoparticles","materials science"]},{"first_author":"Emanuela Rosati","title":"c-Secretase inhibitor I induces apoptosis in chronic lymphocytic leukemia cells by proteasome inhibition, endoplasmic reticulum stress increase and Notch down-regulation","year":2013,"top_topics":["immunology","chronic lymphocytic leukemia","cell biology"]},{"first_author":"Gayathri Chadalapaka","title":"Inhibition of rhabdomyosarcoma cell and tumor growth by targeting specificity protein (Sp) transcription factors","year":2013,"top_topics":["molecular biology","cancer research","cell growth"]},{"first_author":"Baoyi Zhu","title":"Cross-talk of alpha tocopherol-associated protein and JNK controls the oxidative stress-induced apoptosis in prostate cancer cells","year":2013,"top_topics":["cancer research","medicine","surgery"]},{"first_author":"Jing Hu","title":"Ovarian cancer cells, not normal cells, are damaged by Mirk/Dyrk1B kinase inhibition","year":2013,"top_topics":["cancer","cell","apoptosis"]},{"first_author":"R. van Gelderen","title":"Physical characterisation of Tenacibaculum maritimum for vaccine development","year":2010,"top_topics":["fishery","welfare","ecology"]},{"first_author":"Robert P. Ryan","title":"HD-GYP domain proteins regulate biofilm formation and virulence in Pseudomonas aeruginosa","year":2009,"top_topics":["microbiology","genetics","xanthomonas campestris"]},{"first_author":"Laurent Guillon","title":"High cellular organization of pyoverdine biosynthesis in Pseudomonas aeruginosa: clustering of PvdA at the old cell poleemi_274","year":2012,"top_topics":["siderophore","pyoverdine","biochemistry"]},{"first_author":"Lei-Chin Chen","title":"Interplay of RsbM and RsbK controls the sB activity of Bacillus cereuse","year":2012,"top_topics":["genetics","apoptosis","gene"]},{"first_author":"Isao Hara","title":"Introduction of 65 kDa Antigen of Mycobacterium tuberculosis to Cancer Cells Enhances Anti-Tumor Effect of BCG Therapy","year":2004,"top_topics":["medicine","urology","cancer"]},{"first_author":"Noritoshi Kitamoto","title":"Preparation of Monoclonal Antibodies Cross-Reactive with Orthopoxviruses and Their Application for Direct Immunofluorescence Test","year":2005,"top_topics":["chemistry","monoclonal antibody","biochemistry"]},{"first_author":"Kotla Siva Reddy","title":"Expression of bovine (Bos indicus) interleukin-18 in Escherichia coli and its biological activity","year":2010,"top_topics":["molecular biology","virology","dna vaccination"]},{"first_author":"H. Liu","title":"Investigation of the roles of T6SS genes in motility, biofilm formation and extracellular protease Asp production in Vibrio alginolyticus with modified Gateway-compatible plasmids","year":2012,"top_topics":["chemistry","organic chemistry","catalysis"]},{"first_author":"Sandrine Koechler","title":"Multiple controls affect arsenite oxidase gene expression in Herminiimonas arsenicoxydans","year":2010,"top_topics":["arsenite","bacteria","arsenic"]},{"first_author":"Scarlett R Holdsworth","title":"Multidrug resistance protein MdtM adds to the repertoire of antiporters involved in alkaline pH homeostasis in Escherichia coli","year":2013,"top_topics":["escherichia coli","major facilitator superfamily","biochemistry"]},{"first_author":"Daniel C Kraushaar","title":"Genome-wide incorporation dynamics reveal distinct categories of turnover for the histone variant H3.3","year":2013,"top_topics":["molecular biology","genetics","histone"]},{"first_author":"Arumugam Nagalingam","title":"Honokiol activates AMP-activated protein kinase in breast cancer cells via an LKB1-dependent pathway and inhibits breast carcinogenesis","year":2012,"top_topics":["cancer research","carcinogenesis","cancer"]},{"first_author":"Ingunn Holen","title":"Loss of plakoglobin promotes decreased cell-cell contact, increased invasion and breast cancer cell dissemination in vivo","year":2012,"top_topics":["medicine","breast cancer","zoledronic acid"]},{"first_author":"Meiou Dai","title":"A novel function for p21Cip1 and acetyltransferase p/CAF as critical transcriptional regulators of TGFb-mediated breast cancer cell migration and invasion","year":2012,"top_topics":["cancer research","breast cancer","cancer"]},{"first_author":"Yi Fang Lee","title":"JMJD6 is a driver of cellular proliferation and motility and a marker of poor prognosis in breast cancer","year":2012,"top_topics":["cancer research","breast cancer","ca15-3"]},{"first_author":"Meiou Dai","title":"Cyclin D1 cooperates with p21 to regulate TGFb-mediated breast cancer cell migration and tumor local invasion","year":2013,"top_topics":["cancer research","breast cancer","cancer"]},{"first_author":"Zhaojia Wu","title":"Ubiquitin-conjugating enzyme complex Uev1A-Ubc13 promotes breast cancer metastasis through nuclear factor-_B mediated matrix metalloproteinase-1 gene regulation","year":2014,"top_topics":["metastasis","cancer research","transcription factor"]},{"first_author":"Alexandr V. Bazhin","title":"Low titre autoantibodies against recoverin in sera of patients with small cell lung cancer but without a loss of vision","year":2001,"top_topics":["immunology","medicine","cancer research"]},{"first_author":"Marina S. Savchenko","title":"Antirecoverin autoantibodies in the patient with non-small cell lung cancer but without cancer-associated retinopathy","year":2003,"top_topics":["medicine","pathology","cancer"]},{"first_author":"Stephana Carelli","title":"Up-regulation of focal adhesion kinase in non-small cell lung cancer","year":2006,"top_topics":["erythropoietin","immunology","spinal cord injury"]},{"first_author":"Katherine M. Finan","title":"In vitro susceptibility to the pro-apoptotic effects of TIMP-3 gene delivery translates to greater in vivo efficacy versus gene delivery for TIMPs-1 or -2","year":2006,"top_topics":["apoptosis","in vivo","gene delivery"]},{"first_author":"Kang Fang","title":"Ellipticine-induced apoptosis depends on Akt translocation and signaling in lung epithelial cancer cells","year":2009,"top_topics":["apoptosis","cell culture","cancer research"]},{"first_author":"Shun-Dong Dai","title":"Kaiso is expressed in lung cancer: Its expression and localization is affected by p120ctn","year":2010,"top_topics":["lung cancer","pathology","cancer research"]},{"first_author":"Kazutoshi Komiya","title":"Expression of Mina53, a novel c-Myc target gene, is a favorable prognostic marker in early stage lung cancer","year":2010,"top_topics":["medicine","pathology","internal medicine"]},{"first_author":"Hakan Akca","title":"Invasiveness and anchorage independent growth ability augmented by PTEN inactivation through the PI3K/AKT/NFkB pathway in lung cancer cells","year":2011,"top_topics":["cancer research","cell culture","protein kinase b"]},{"first_author":"Norimitsu Tanaka","title":"Frequent methylation and oncogenic role of microRNA-34b/c in small-cell lung cancer","year":2012,"top_topics":["medicine","cancer research","pathology"]},{"first_author":"Dusanka S. Skundric","title":"Increased levels of bioactive IL-16 correlate with disease activity during relapsing experimental autoimmune encephalomyelitis (EAE)","year":2005,"top_topics":["immunology","multiple sclerosis","cytokine"]},{"first_author":"Pascale Gerbaud","title":"Differential regulation of Cu, Zn- and Mn-superoxide dismutases by retinoic acid in normal and psoriatic human fibroblasts","year":2005,"top_topics":["psoriasis","superoxide dismutase","fibroblast"]},{"first_author":"M. Sisto","title":"Autoantibodies from Sjšgren's syndrome induce activation of both the intrinsic and extrinsic apoptotic pathways in human salivary gland cell line A-253","year":2006,"top_topics":["immunology","inflammation","autoantibody"]},{"first_author":"Itshak Golan","title":"Expression of extra trinucleotide in CD44 variant of rheumatoid arthritis patients allows generation of disease-specific monoclonal antibody","year":2007,"top_topics":["cd44","immunology","cell"]},{"first_author":"Xiaoyan Xiao","title":"Cellular and humoral immune responses in the early stages of diabetic nephropathy in NOD mice","year":2009,"top_topics":["diabetes mellitus","internal medicine","endocrinology"]},{"first_author":"Dana Ben-Ami Shor","title":"Anti-ribosomal-P antibodies accelerate lupus glomerulonephritis and induce lupus nephritis in nai_ve mice","year":2014,"top_topics":["medicine","pediatrics","childhood obesity"]},{"first_author":"Sawsan I. Kreydiyyeh","title":"Interleukin-1 b inhibits NaC-KCATPase activity and protein expression in cardiac myocytes","year":2004,"top_topics":["biochemistry","chemistry","na+/k+-atpase"]},{"first_author":"Ji-Yong Zhou","title":"cDNA cloning and functional analysis of goose interleukin-2 ","year":2005,"top_topics":["virology","molecular biology","virus"]},{"first_author":"Sarine Markossian","title":"TNF-a down-regulates the NaCeKC ATPase and the Na+-K+-2Cl- cotransporter in the rat colon via PGE2","year":2005,"top_topics":["atpase","kidney","chemistry"]},{"first_author":"Hwa-Jeong Lee","title":"Roles of p38 and ERK MAP kinases in IL-8 expression in TNF-a- and dexamethasone-stimulated human periodontal ligament cells","year":2006,"top_topics":["cancer cell","heme oxygenase","biochemistry"]},{"first_author":"Maria de Lujan Alvarez","title":"Time-dependent onset of Interferon-a2b-induced apoptosis in isolated hepatocytes from preneoplastic rat livers","year":2006,"top_topics":["internal medicine","endocrinology","biochemistry"]},{"first_author":"Marilena Galdiero","title":"STAT1 and STAT3 phosphorylation by porins are independent of JAKs but are dependent on MAPK pathway and plays a role in U937 cells production of interleukin-6","year":2006,"top_topics":["immunology","microbiology","porin"]},{"first_author":"Sawsan Ibrahim Kreydiyyeh","title":"Tumor necrosis factor alpha down-regulates the Na+-K+ ATPase and the Na+-K+2Cl- cotransporter in the kidney cortex and medulla","year":2006,"top_topics":["biochemistry","chemistry","na+/k+-atpase"]},{"first_author":"Deok-Ho Song","title":"Upregulation of tumor necrosis factor-alpha expression by trans10-cis12 conjugated linoleic acid enhances phagocytosis of RAW macrophages via a peroxisome proliferator-activated receptor gamma-dependent pathway","year":2007,"top_topics":["tumor necrosis factor alpha","immunology","phagocytosis"]},{"first_author":"Chung-Hsi Hsing","title":"The distribution of interleukin-19 in healthy and neoplastic tissue","year":2008,"top_topics":["medicine","immunology","cytokine"]},{"first_author":"M. HyzdÕalov‡","title":"The interaction of butyrate with TNF-alpha during differentiation and apoptosis of colon epithelial cells: role of NF-kappaB activation","year":2008,"top_topics":["cell culture","apoptosis","cellular differentiation"]},{"first_author":"Taku Inokuchi","title":"Effects of ethanol on monosodium urate crystal-induced inflammation","year":2008,"top_topics":["internal medicine","endocrinology","medicine"]},{"first_author":"Zhao Huang","title":"Differential chemokine expression in tubular cells in response to urinary proteins from patients with nephrotic syndrome","year":2008,"top_topics":["computer science","distributed computing","information retrieval"]},{"first_author":"Aramati B.M. Reddy","title":"Anti-inflammatory effect of aldose reductase inhibition in murine polymicrobial sepsis","year":2009,"top_topics":["aldose reductase","biochemistry","inflammation"]},{"first_author":"Kumiko Goto","title":"IL-13 induces translocation of NF-kappaB in cultured human bronchial smooth muscle cells","year":2009,"top_topics":["downregulation and upregulation","rhoa","contraction (grammar)"]},{"first_author":"Surinder Safaya","title":"Effect of sodium butyrate on lung vascular TNFSF15 (TL1A) expression: Differential expression patterns in pulmonary artery and microvascular endothelial cells","year":2009,"top_topics":["genetics","single-nucleotide polymorphism","haplotype"]},{"first_author":"Yanping Yang","title":"STAT3 induces muscle stem cell differentiation by interaction with myoD","year":2009,"top_topics":["virology","microbiology","haemophilus influenzae"]},{"first_author":"Ari Kassardjian","title":"Signaling pathway underlying the up-regulatory effect of TNF-a on the Na+/K+ ATPase in HepG2 cells","year":2010,"top_topics":["na+/k+-atpase","caspase","molecular biology"]},{"first_author":"Hong Yu","title":"MKP-1 regulates cytokine mRNA stability through selectively modulation subcellular translocation of AUF1","year":2011,"top_topics":["molecular biology","immunology","inflammation"]},{"first_author":"Markus Neumeier","title":"Adiponectin stimulates release of CCL2, -3, -4 and -5 while the surface abundance of CCR2 and -5 is simultaneously reduced in primary human monocytes","year":2011,"top_topics":["internal medicine","endocrinology","adiponectin"]},{"first_author":"Ping Chen","title":"Upregulation of PIAS1 protects against sodium taurocholate-induced severe acute pancreatitis associated with acute lung injury","year":2011,"top_topics":["chromatography","membrane protein","biochemistry"]},{"first_author":"Ye Zeng","title":"CXCR1 and CXCR2 are novel mechano-sensors mediating laminar shear stress-induced endothelial cell migration","year":2011,"top_topics":["glycocalyx","heparan sulfate","cell biology"]},{"first_author":"Yue Wang","title":"Autocrine production of interleukin-8 confers cisplatin and paclitaxel resistance in ovarian cancer cells","year":2011,"top_topics":["mapk/erk pathway","protein kinase b","pi3k/akt/mtor pathway"]},{"first_author":"Hong-Xia Wang","title":"Upregulation of cytochrome P450 2J3/11,12-epoxyeicosatrienoic acid inhibits apoptosis in neonatal rat cardiomyocytes by a caspase-dependent pathway","year":2012,"top_topics":["internal medicine","endocrinology","medicine"]},{"first_author":"Muyao Li","title":"Differential activation of the inflammasome in THP-1 cells exposed to chrysotile asbestos and Libby ÔÔsix-mixÕÕ amphiboles and subsequent activation of BEAS-2B cells","year":2012,"top_topics":["biochemistry","vascular smooth muscle","molecular biology"]},{"first_author":"Yong-Duk Park","title":"Porphyromonas gingivalis lipopolysaccharide regulates interleukin (IL)-17 and IL-23 expression via SIRT1 modulation in human periodontal ligament cells","year":2012,"top_topics":["chemistry","dentistry","chromatography"]},{"first_author":"Christina Galloway","title":"Increases in inflammatory mediators in DRG implicate in the pathogenesis of painful neuropathy in Type 2 diabetes","year":2013,"top_topics":["internal medicine","chemokine","endocrinology"]},{"first_author":"Kyoung Sik Park (only one author)","title":"Aucubin, a naturally occurring iridoid glycoside inhibits TNF-_-induced inflammatory responses through suppression of NF-_B activation in 3T3-L1 adipocytes","year":2013,"top_topics":["biochemistry","inflammation","adipocyte"]},{"first_author":"Bin-Bin Ni","title":"The effect of transforming growth factor _1 on the crosstalk between autophagy and apoptosis in the annulus fibrosus cells under serum deprivation","year":2014,"top_topics":["engineering","aerospace","metallurgy"]},{"first_author":"Hui Li","title":"A Neoplastic Gene Fusion Mimics Trans-Splicing of RNAs in Normal Human Cells","year":2008,"top_topics":["pathology","cirrhosis","fibrosis"]},{"first_author":"Nitai C. Hait","title":"Regulation of Histone Acetylation in the Nucleus by Sphingosine-1-Phosphate","year":2009,"top_topics":["sphingosine","biochemistry","cell biology"]},{"first_author":"Hulya Karatas","title":"Spreading Depression Triggers Headache by Activating Neuronal Panx1 Channels","year":2013,"top_topics":["cortical spreading depression","neuroscience","medicine"]},{"first_author":"Hideki Sakahira","title":"Cleavage of CAD inhibitor in CAD activation and DNA degradation during apoptosis","year":1998,"month":"Jan","top_topics":["molecular biology","icad","caspase-activated dnase"]},{"first_author":"Timothy A. Chan","title":"14-3-3__ is required to prevent mitotic catastrophe after DNA damage","year":1999,"month":"October","top_topics":["gene expression","molecular biology","cancer research"]},{"first_author":"Morgan E. Carlson","title":"Imbalance between pSmad3 and Notch induces CDK inhibitors in old muscle stem cells","year":2008,"month":"July","top_topics":["cell biology","stem cell","skeletal muscle"]},{"first_author":"Shidong Jia","title":"Essential roles of PI(3)KÐp110b in cell growth, metabolism and tumorigenesis","year":2008,"month":"August","top_topics":["carcinogenesis","p110a","cell biology"]},{"first_author":"Michael J. Wheeler","title":"Identification of the pollen self-incompatibility determinant in Papaver rhoeas","year":2009,"month":"June","top_topics":["pollen","papaver","genetics"]},{"first_author":"Corine Bertolotto","title":"A SUMOylation-defective MITF germline mutation predisposes to melanoma and renal carcinoma","year":2011,"month":"Oct","top_topics":["melanoma","cancer research","microphthalmia-associated transcription factor"]},{"first_author":"Feng Zhou","title":"D14ÐSCFD3-dependent degradation of D53 regulates strigolactone signalling","year":2013,"top_topics":["biochemistry","strigolactone","cell biology"]},{"first_author":"S Kale","title":"Osteopontin signaling upregulates cyclooxygenase-2 expression in tumor-associated macrophages leading to enhanced angiogenesis and melanoma growth via a9b1 integrin","year":2013,"top_topics":["angiogenesis","osteopontin","cancer"]},{"first_author":"CM Das","title":"The deubiquitylase USP37 links REST to the control of p27 stability and cell proliferation","year":2012,"top_topics":["ecology","theology"]},{"first_author":"CC Jiang","title":"Repression of microRNA-768-3p by MEK/ERK signalling contributes to enhanced mRNA translation in human melanoma","year":2013,"top_topics":["microrna","cell","molecular biology"]},{"first_author":"Z Zhang","title":"STIM1, a direct target of microRNA-185, promotes tumor metastasis and is associated with poor prognosis in colorectal cancer","year":2014,"top_topics":["internal medicine","endocrinology","medicine"]},{"first_author":"T-I Hsu","title":"MMP7-mediated cleavage of nucleolin at Asp255 induces MMP9 expression to promote tumor malignancy","year":2014,"top_topics":["cancer research","downregulation and upregulation","dna demethylation"]},{"first_author":"Emmanuel Dornier","title":"TspanC8 tetraspanins regulate ADAM10/Kuzbanian trafficking and promote Notch activation in flies and mammals","year":2012,"top_topics":["cell biology","notch signaling pathway","tetraspanin"]},{"first_author":"HIROFUMI YAMAMOTO","title":"Distinct expression of C4.4A in colorectal cancer detected by different antibodies","year":2012,"top_topics":["medicine","colorectal cancer","cancer"]},{"first_author":"BO LI","title":"Adenovirus-mediated overexpression of BMP-9 inhibits human osteosarcoma cell growth and migration through downregulation of the PI3K/AKT pathway","year":2012,"top_topics":["physics","particle physics","large hadron collider"]},{"first_author":"EUN YOUNG GIL","title":"Promoter methylation of RASSF1A modulates the effect of the microtubule-targeting agent docetaxel in breast cancer","year":2012,"top_topics":["breast cancer","cancer research","vaccination"]},{"first_author":"YUKI FUJISE","title":"Preventive effect of caffeine and curcumin on hepato_ carcinogenesis in diethylnitrosamine_induced rats","year":2012,"top_topics":["medicine","hepatocellular carcinoma","radiology"]},{"first_author":"CHIACHEN CHEN","title":"Leptin stimulates ovarian cancer cell growth and inhibits apoptosis by increasing cyclin D1 and Mcl-1 expression via the activation of the MEK/ERK1/2 and PI3K/Akt signaling pathways","year":2013,"top_topics":["apoptosis","cyclin d1","oncogene"]},{"first_author":"WEI YANG","title":"Genetic and epigenetic alterations are involved in the regulation of TPM1 in cholangiocarcinoma","year":2012,"top_topics":["gene","cancer","tpm1"]},{"first_author":"MICHIYO YAMAMURA","title":"Functional analysis of Zyxin in cell migration and invasive potential of oral squamous cell carcinoma cells","year":2013,"top_topics":["oncogene","cancer research","cell"]},{"first_author":"TONI IBRAHIM","title":"Cisplatin in combination with zoledronic acid: A synergistic effect in triple-negative breast cancer cell lines","year":2013,"top_topics":["medicine","pathology","internal medicine"]},{"first_author":"LI MA","title":"Estrogen receptor _ inhibits estradiol-induced proliferation and migration of MCF-7 cells through regulation of mitofusin 2","year":2013,"top_topics":["cell","molecular biology","hdac6"]},{"first_author":"Steffen Zender","title":"A Critical Role for Notch Signaling in the Formation of Cholangiocellular Carcinomas","year":2013,"month":"June","top_topics":["cancer research","immunology","apoptosis"]},{"first_author":"Luke Martin McCaffrey","title":"Loss of the Par3 Polarity Protein Promotes Breast Tumorigenesis and Metastasis","year":2012,"month":"November","top_topics":["cell polarity","cell biology","cancer research"]},{"first_author":"Lu Wang","title":"CARM1 Methylates Chromatin Remodeling Factor BAF155 to Enhance Tumor Progression and Metastasis","year":2014,"month":"January","top_topics":["cancer research","cell biology","molecular biology"]},{"first_author":"Corentin Herbert","title":"Molecular Mechanism of SSR128129E, an Extracellularly Acting, Small-Molecule, Allosteric Inhibitor of FGF Receptor Signaling","year":2013,"month":"April","top_topics":["fibroblast growth factor","fibroblast growth factor receptor","allosteric regulation"]},{"first_author":"Janice D. Thomas","title":"Rab1A Is an mTORC1 Activator and a Colorectal Oncogene","year":2014,"month":"November","top_topics":["transcription factor","oncogene","cancer research"]},{"first_author":"King Ching Ho","title":"Itch E3 ubiquitin ligase regulates large tumor suppressor 1 stability","year":2011,"month":"March","top_topics":["immunology","promoter","hippo signaling pathway"]},{"first_author":"Nathalie Delgehyr","title":"Drosophila Mgr, a Prefoldin subunit cooperating with von Hippel Lindau to regulate tubulin stability","year":2012,"month":"April","top_topics":["cell biology","microtubule","actin"]},{"first_author":"Rajesh K. Grover","title":"The costimulatory immunogen LPS induces the B-Cell clones that infiltrate transplanted human kidneys","year":2012,"month":"April","top_topics":["chemistry","biochemistry","antibody"]},{"first_author":"Kevin Y. Lee","title":"Shox2 is a molecular determinant of depot-specific adipocyte function","year":2013,"month":"July","top_topics":["internal medicine","endocrinology","adipose tissue"]},{"first_author":"Shuyu Ren","title":"LRP-6 is a coreceptor for multiple fibrogenic signaling pathways in pericytes and myofibroblasts that are inhibited by DKK-1","year":2013,"month":"January","top_topics":["kidney","immunology","internal medicine"]},{"first_author":"Zhongyuan Wang","title":"Interplay of mevalonate and Hippo pathways regulates RHAMM transcription via YAP to modulate breast cancer cell motility","year":2014,"month":"December","top_topics":["cell biology","materials science","nanoparticle"]}]
